{
    "accuracy": 0.9962425196099468,
    "precision": 0.9959213692062638,
    "recall": 0.9962425196099468
}